{
  "assetsByChunkName": {
    "vendors~app-account~app-confirmation~app-order": "chunk.86e8b14d158ae3d0d534.js",
    "vendors~app-account~app-checkout": "chunk.54a42d73731a9d2cf19a.js",
    "vendors~app-cart~app-checkout": "chunk.51095e1e6d361c13bbb9.js",
    "admin": [
      "admin.c201a3ebba7f5af0046b.js",
      "admin.c201a3ebba7f5af0046b.js.map"
    ],
    "app-account": "chunk.71b4d319d37539c71bff.js",
    "app-checkout": "chunk.b902af43649b64f58980.js",
    "app-confirmation": "chunk.b44de17299b28bd11ad4.js",
    "checkout": [
      "checkout.dc86c0cde7cfae6ca5b9.js",
      "checkout.dc86c0cde7cfae6ca5b9.js.map"
    ],
    "storefront": [
      "storefront.2b187494606ef833952a.css",
      "storefront.57fe38fca12f5f730f3b.js",
      "storefront.2b187494606ef833952a.css.map",
      "storefront.57fe38fca12f5f730f3b.js.map"
    ],
    "vendors~app-cart": "chunk.f4cabdc0c326ac8492e2.js",
    "vendors~app-order": "chunk.5a9f09f2005ca11507cc.js"
  }
}