{
  "title": "Política de privacidade",
  "meta_title": "Política de privacidade",
  "meta_description": "Política de privacidade",
  "body": "**O Clube das Cervejas Especiais** está comprometido em proteger a sua privacidade. Esta Política de Privacidade descreve como coletamos, usamos e compartilhamos suas informações pessoais quando você utiliza nossos serviços, e suas opções e direitos em relação a essas informações:\n\n1. Informações que Coletamos:\n\n   * Informações de Identificação Pessoal: Coletamos seu nome, endereço, número de telefone, endereço de e-mail e outras informações que você nos fornece voluntariamente ao se cadastrar em nosso serviço.\n   * Informações de Pagamento: Ao efetuar compras em nosso site, coletamos informações de pagamento, como números de cartão de crédito e endereço de cobrança.\n   * Informações de Uso: Podemos coletar informações sobre como você utiliza nosso site e serviços, como páginas visitadas, produtos visualizados e tempo gasto em nosso site.\n   * Informações de Localização: Podemos coletar informações de localização quando você utiliza nossos serviços, por exemplo, para fins de entrega.\n2. Como Usamos Suas Informações:\n\n   * Fornecer e Manter Nossos Serviços: Utilizamos suas informações para oferecer, operar e manter nossos serviços, incluindo processar pedidos, fornecer suporte ao cliente e personalizar sua experiência.\n   * Comunicação: Podemos usar suas informações para nos comunicarmos com você sobre sua conta, transações e promoções, bem como para responder a suas consultas e solicitações.\n   * Marketing: Podemos usar suas informações para enviar comunicações de marketing sobre nossos produtos e serviços, sempre que permitido por lei e de acordo com suas preferências.\n   * Melhoria de Nossos Serviços: Utilizamos suas informações para entender como nossos usuários interagem com nossos serviços e para melhorar a qualidade e funcionalidade de nossos produtos.\n3. Compartilhamento de Informações:\n\n   * Terceiros de Confiança: Podemos compartilhar suas informações com prestadores de serviços terceirizados que nos auxiliam na operação de nossos serviços, como processamento de pagamentos, entrega de produtos e análise de dados.\n   * Cumprimento Legal: Podemos divulgar suas informações quando exigido por lei, regulamentação, processo legal ou solicitação governamental.\n   * Consentimento: Podemos compartilhar suas informações com terceiros com seu consentimento.\n4. Segurança de Dados:\n\n   * Implementamos medidas de segurança adequadas para proteger suas informações contra acesso não autorizado, alteração, divulgação ou destruição.\n   * No entanto, lembre-se de que nenhum método de transmissão pela internet ou armazenamento eletrônico é 100% seguro e, portanto, não podemos garantir a segurança absoluta de suas informações.\n5. Seus Direitos:\n\n   * Acesso e Atualização: Você pode acessar e atualizar suas informações pessoais através de sua conta em nosso site.\n   * Exclusão: Você pode solicitar a exclusão de suas informações pessoais entrando em contato conosco.\n   * Preferências de Comunicação: Você pode optar por não receber comunicações de marketing nossas seguindo as instruções de cancelamento de inscrição incluídas em cada e-mail.\n6. Alterações nesta Política:\n\n   * Esta Política de Privacidade pode ser atualizada periodicamente para refletir mudanças em nossas práticas de privacidade. Quaisquer alterações significativas serão notificadas aos usuários através de nosso site ou por outros meios.\n\nAo utilizar nossos serviços, você concorda com a coleta, uso e compartilhamento de suas informações pessoais conforme descrito nesta Política de Privacidade. Se você tiver alguma dúvida ou preocupação sobre esta política, entre em contato conosco.",
  "sections": [
    {
      "type": "responsive-banner",
      "img": "/img/uploads/favicon.webp"
    }
  ]
}