{
  "title": "Termos de serviço",
  "meta_title": "Termos de serviço",
  "meta_description": "Termos de serviço",
  "body": "Estes Termos de Serviço (\"Termos\") regem o uso do site dos serviços oferecidos pelo Clube das Cervejas Especiais (\"nós\", \"nosso\", \"nos\"), acessíveis em https://www.clubedascervejasespeciais.com.br/\\\n Ao acessar ou usar o website, você concorda com estes Termos. Se você não concordar com qualquer parte destes Termos, não poderá acessar o website nem usar os nossos serviços.\n\n**Conta do Usuário**\n\nAo criar uma conta em nosso site, você concorda em fornecer informações precisas, completas e atualizadas. Você é responsável por proteger a senha que você usa para acessar a sua conta e por qualquer atividade ou ação realizada com a sua senha, seja com ou sem seu consentimento.\n\n**Propriedade Intelectual**\n\nO website e seu conteúdo original, recursos e funcionalidades são e permanecerão de propriedade do Clube das Cervejas Especiais. O website está protegido por direitos autorais, marcas registradas e outras leis de propriedade intelectual.\n\n**Limitação de Responsabilidade**\n\nEm nenhuma circunstância o Clube das Cervejas Especiais, seus diretores, funcionários, parceiros, agentes, fornecedores ou afiliados serão responsáveis por quaisquer danos indiretos, incidentais, especiais, consequentes ou punitivos, incluindo, mas não se limitando a, perda de lucros, dados, uso, boa vontade ou outras perdas intangíveis resultantes de (i) seu acesso ou uso ou incapacidade de acessar ou usar o website; (ii) qualquer conduta ou conteúdo de terceiros no website; (iii) qualquer conteúdo obtido do website; e (iv) acesso não autorizado, uso ou alteração de suas transmissões ou conteúdo, seja com base em garantia, contrato, ato ilícito (incluindo negligência) ou qualquer outra teoria jurídica, independentemente de termos sido informados da possibilidade de tais danos.\n\n**Modificações nos Termos de Serviço**\n\nReservamos o direito, a nosso exclusivo critério, de modificar ou substituir estes Termos a qualquer momento. Se uma revisão for material, tentaremos fornecer pelo menos 30 dias de aviso prévio antes de quaisquer novos termos entrarem em vigor. O que constitui uma alteração material será determinado a nosso exclusivo critério.\n\n**Contato**\n\nSe você tiver alguma dúvida sobre estes Termos, entre em contato conosco através do e-mail ou whatsapp no final da página.",
  "sections": [
    {
      "type": "responsive-banner",
      "img": "/img/uploads/favicon.webp"
    }
  ]
}