{
  "description": {
    "title": "",
    "text": ""
  },
  "links_1": {
    "list_pages": true,
    "title": "Páginas",
    "list": []
  },
  "links_2": {
    "list_categories": false,
    "title": "Assinaturas",
    "list": []
  },
  "contacts": {
    "title": "Fale Conosco",
    "phone_wpp": true,
    "socials": true,
    "email": false,
    "address": true
  },
  "stamps": [
    {
      "src": "/img/uploads/logo_site_blindado.svg"
    }
  ],
  "payment_methods": {
    "pix": true,
    "visa": true,
    "mastercard": true,
    "elo": true,
    "amex": true,
    "hipercard": true,
    "boleto": true
  },
  "credits": ""
}