{
  "categories_list": {
    "featured": [],
    "random": 6,
    "full_width": false
  },
  "menu_all_departments": false,
  "centralized_logo": false,
  "marketing_stripe": {
    "text": "FAÇA PARTE DO MELHOR CLUBE DE CERVEJAS ESPECIAIS DO BRASIL !",
    "link": "/promotion",
    "background": "#faaf1c",
    "color": "#000000"
  },
  "alphabetical_order_submenu": false,
  "popup": "/img/uploads/a-verdadeira-cerveja-especial.webp",
  "name_all_departments": "",
  "search_input": false,
  "desktop_megamenu": false,
  "full_width_submenu": false,
  "contacts_stripe": {
    "pages": [],
    "phone_wpp": false,
    "socials": false
  }
}