{
  "meta_title": "Clube das Cervejas Especiais",
  "meta_description": "",
  "sections": [
    {
      "type": "banner-slider",
      "autoplay": 9000,
      "full_width": false,
      "slides": [
        {
          "img": "/img/uploads/clube-das-cervejas_banner-6.webp",
          "link": "",
          "alt": "",
          "start": "",
          "end": "",
          "mobile_img": ""
        },
        {
          "start": "",
          "end": "",
          "img": "/img/uploads/clube-das-cervejas_banner-1.webp"
        },
        {
          "start": "",
          "end": "",
          "img": "/img/uploads/clube-das-cervejas_banner-3.webp"
        },
        {
          "start": "",
          "end": "",
          "img": "/img/uploads/clube-das-cervejas_banner-5.webp"
        },
        {
          "start": "",
          "end": "",
          "img": "/img/uploads/clube-das-cervejas_banner-4.webp"
        },
        {
          "start": "",
          "end": "",
          "img": "/img/uploads/clube-das-cervejas_banner-2.webp"
        }
      ]
    },
    {
      "type": "custom-html",
      "html": "<link href=\"https://fonts.cdnfonts.com/css/neo-sans-pro\" rel=\"stylesheet\">\n\n\n\n\n\n<section id=\"clube-main\">\n\n    <header class=\"title-main\" style=\"text-align: center;padding-top: 2%;\">\n        <h1> Clube das Cervejas Especiais </h1>\n        <p>\n            No Clube você recebe todos os meses , as bebidas selecionadas por especialistas , as melhores cervejas do\n            mundo na sua casa !\n        </p>\n    </header>\n\n    <main class=\"info-main\">\n\n        <div class=\"cont-main1 slide\">\n            <img src=\"https://i.ibb.co/pjnHPNx/3.png\" alt=\"\" width=\"200px\">\n            <h3>Combina com seu Paladar</h3>\n            <p>Você escolhe a Box que mais se adequa à você.</p>\n        </div>\n\n        <div class=\"cont-main2 slide\">\n            <img src=\"https://i.ibb.co/09XDFYS/2.png\" alt=\"\" width=\"200px\">\n            <h3>Seleção feita por especialistas</h3>\n            <p>Os melhores sabores , da mais pura qualidade para você.</p>\n        </div>\n\n        <div class=\"cont-main3 slide\">\n            <img src=\"https://i.ibb.co/2W1hPv5/4.png\" alt=\"\" width=\"200px\">\n            <h3>As melhores cervejas do Brasil </h3>\n            <p>Você escolhe a recorrência que mais combina com você.</p>\n        </div>\n\n    </main>\n\n    <div class=\"btn-clube\"><a href=\"#\">Assine Agora</a></div>\n\n</section>\n\n\n<style>\n    #clube-main {\n    background-image: linear-gradient(rgba(0, 0, 0, 0.5), rgba(0, 0, 0, 0.5)), url(https://images.unsplash.com/photo-1618183479302-1e0aa382c36b?q=80&w=1974&auto=format&fit=crop&ixlib=rb-4.0.3&ixid=M3wxMjA3fDB8MHxwaG90by1wYWdlfHx8fGVufDB8fHx8fA%3D%3D);\n    background-position: center;\n    background-size: cover;\n    border-radius: 30px;\n}\n\n\n\n    .title-main h1 {\n        color: #00826b;\n        text-transform: uppercase;\n        font-family: 'Neo Sans Pro', sans-serif; \n        font-weight: 500;\n    }\n\n    .title-main p {\n        color: white;\n        font-size: 16px;\n        width: 500px;\n        margin: 0 auto;\n        font-family: Arial, Helvetica, sans-serif;\n    }\n\n\n\n    .info-main {\n        display: flex;\n        gap: 10rem;\n        margin: 0 auto;\n        justify-content: center;\n        margin-top: 5rem;\n        max-width: 40rem;\n    }\n\n    .cont-main1 h3,\n    p {\n        text-align: center;\n    }\n\n\n    .cont-main1 h3 {\n        font-size: 22px;\n        color: #00826b;\n        font-family: 'Neo Sans Pro', sans-serif;\n        font-weight: 400;\n\n    }\n\n    .cont-main1 p {\n        color: white;\n        width: 200px;\n        margin: 0 auto;\n        font-size: 14px;\n        font-family: Arial, Helvetica, sans-serif;\n    }\n\n    .cont-main1 {\n        width: 33%;\n    }\n\n    .cont-main2 h3,\n    p {\n        text-align: center;\n    }\n\n\n    .cont-main2 h3 {\n        font-size: 22px;\n        color: #00826b;\n        font-family: 'Neo Sans Pro', sans-serif;\n        font-weight: 400;\n    }\n\n    .cont-main2 p {\n        color: white;\n        width: 200px;\n        margin: 0 auto;\n        font-size: 14px;\n        font-family: Arial, Helvetica, sans-serif;\n    }\n\n\n    .cont-main2 {\n        width: 33%;\n    }\n\n    .cont-main3 {\n        width: 33%;\n    }\n\n    .cont-main3 h3,\n    p {\n        text-align: center;\n    }\n\n\n    .cont-main3 h3 {\n        font-size: 22px;\n        color: #00826b;\n        font-family: 'Neo Sans Pro', sans-serif;\n        font-weight: 400;\n    }\n\n    .cont-main3 p {\n        color: white;\n        width: 200px;\n        margin: 0 auto;\n        font-size: 14px;\n        font-family: Arial, Helvetica, sans-serif;\n    }\n\n.cont-main1 h3{\n  padding-top: 25px;\n  }\n\n.cont-main2 h3{\n  padding-top: 25px;\n  }\n\n.cont-main3 h3{\n  padding-top: 25px;\n  }\n\n\n\n\n\n\n    .btn-clube {\n        margin-top: ;\n        text-align: center;\n        padding: 50px;\n      margin-top: 100px;\n    }\n\n    .btn-clube a {\n        text-decoration: none;\n        color: white;\n        font-size: 20px;\n        text-transform: uppercase;\n        background-color: #00826b;\n        padding:20px;\n        padding-left: 40px;\n        padding-right: 40px;\n        border-radius: 10px;\n        box-shadow: .25rem .45rem .45rem 0 rgba(0, 0, 0, .5);\n\n    }\n\n    .btn-clube:hover {\n\n        transition: all 0.5s ease-in-out;\n    }\n\n    .btn-clube a:hover {\n        background-color: #006e5a;\n    }\n\n\n\n\n\n@media (max-width: 991px) {\n  .info-main {\n    display: block;\n  }\n  \n  .cont-main1,.cont-main2,.cont-main3 {\n    margin: 0 auto;\n    margin-top: 8%;\n  }\n  }\n  \n  \n@media (max-width: 574px) {\n  .info-main {\n    display: block;\n    width: 100%;\nbox-sizing: border-box;\n  }\n  \n.title-main p {\n   width: 400px !important;\n  }\n\n  .cont-main1,.cont-main2,.cont-main3 {\n    margin: 0 auto;\n    text-align: center;\n    justify-content: center;\n    margin-top: 8%;\n    width: 100%;\nbox-sizing: border-box;\n  }\n\n.cont-main1 h3,p {\n  display: block;\n  text-align: center;\n  margin: 0 auto;\n  width: 100%;\nbox-sizing: border-box;\n  }\n\n.cont-main2 h3,p {\n  display: block;\n  text-align: center;\n  margin: 0 auto;\nwidth: 100%;\nbox-sizing: border-box;\n  }\n\n.cont-main3 h3,p {\n  display: block;\n  text-align: center;\n  margin: 0 auto;\nwidth: 100%;\nbox-sizing: border-box;\n  \n  }\n  }\n\n\n\n\n@media (max-width: 430px) {\n  .title-main p {\n    width: 350px !important;\n    font-size: 12px !important;\n  }\n  }\n\n\n@media (max-width: 374px) {\n  .title-main p {\n    width: 300px !important;\n    font-size: 12px !important;\n  }\n  }\n\n\n\n\n\n\n\n\n\n\n\n\n\n\n\n\n\n@media (max-width: 767px) {\n  .info-main {\n    display: block;\n    width: 100%;\nbox-sizing: border-box;\n  }\n  \n.title-main p {\n   width: 400px;\n  }\n\n  .cont-main1,.cont-main2,.cont-main3 {\n    margin: 0 auto;\n    text-align: center;\n    justify-content: center;\n    margin-top: 8%;\n    width: 100%;\nbox-sizing: border-box;\n  }\n\n.cont-main1 h3,p {\n  display: block;\n  text-align: center;\n  margin: 0 auto;\n  width: 100%;\nbox-sizing: border-box;\n  }\n\n.cont-main2 h3,p {\n  display: block;\n  text-align: center;\n  margin: 0 auto;\nwidth: 100%;\nbox-sizing: border-box;\n  }\n\n.cont-main3 h3,p {\n  display: block;\n  text-align: center;\n  margin: 0 auto;\nwidth: 100%;\nbox-sizing: border-box;\n  \n  }\n  }\n</style>"
    },
    {
      "type": "custom-html",
      "html": "<section id=\"experiencias\">\n\n    <div class=\"exp-img\">\n\n        <img src=\"https://i.ibb.co/GPYdQ51/saint-bier-chope-belgian-01.png\" alt=\"\">\n\n    </div>\n\n\n    <div class=\"exp-assinante\">\n\n        <div class=\"exp-title\">\n\n            <h3> Box Clube </h3>\n            <h2> Prime </h2>\n\n        </div>\n\n        <div class=\"exp-msg\">\n\n            <span> ✔ 2 Kits de Cervejas Especiais  </span>\n            <span> ✔ Escolha sua recorrência </span>\n\n        </div>\n\n        <div id=\"plan-container\">\n            <div id=\"annual-plan\">\n                <h2>PLANO ANUAL</h2>\n                <p class=\"melhorm\">MELHOR OPÇÃO</p>\n              <p><s>De R$129,90 por</s></p>\n                <h3>R$ 109,90</h3>\n                <p>R$ 9,15 / mês</p> <h4> Frete Grátis </h4> <button id=\"signup-annual\">ASSINAR ANUAL</button>\n              \n</div>\n            <div id=\"monthly-plan\">\n                <h2>PLANO MENSAL</h2>\n<p class=\"melhorm\">20% OFF</p>\n              \n              <p><s>De R$125,00 por</s></p>\n                <h3>R$ 115,00</h3>\n              <p> Recorrência Mensal </p>\n                <h4>Frete Grátis</h4> <button id=\"signup-monthly\">ASSINAR MENSAL</button>\n            </div>\n        </div>\n    </div>\n\n\n</section>\n\n\n<style>\n\n    #experiencias {\n    display: flex;\n    justify-content: center;\n    margin-bottom: 15%;\n    text-align: center;\n    background-repeat: repeat;\n    padding-bottom: 5%;\n    padding-top: 5%;\n    background-position-y: 4px;\n    background-position: center;\n    border-radius: 30px;\n    background-image: linear-gradient(rgba(0,0,0,0.5),rgba(0,0,0,0.5)),url('https://i.ibb.co/kxmBYzt/Banner-Promocional-3.jpg');\n}\n\n    .exp-img {\n        width: 35%;\n        display: none\n    }\n\n.exp-img img {\n   width: auto;\n   height: auto;\n   margin-top: 80px;\n  \n  }\n\n\n #plan-container {\n    display: block;\n    margin-top: 40px;\n}\n\n    #annual-plan,\n    #monthly-plan {\n        border: 1px solid #ccc;\n        padding: 20px;\n    }\n\n    #annual-plan h2,\n    #monthly-plan h2 {\n        font-size: 24px;\n        margin-bottom: 10px;\n    }\n\n    #signup-annual,\n    #signup-monthly {\n        background-color: #4CAF50;\n        color: white;\n        padding: 14px 20px;\n        border: none;\n        cursor: pointer;\n        width: 100%;\n        margin-top: 20px;\n    }\n\n\n.exp-msg span {\n  display:block;\n  color: white;\n  font-size: 18px;\n  font-weight: 600;\n  }\n\n.exp-title h3 {\n  color: orange;\n  font-size: 25px;\n  \n  }\n\n.exp-title h2 {\n  color: orange;\n  font-weight: bold;\n  font-size: 50px;\n  \n  }\n\n\n#annual-plan {\n  background-color: #00826b;\n  border-radius: 10px;\n  box-shadow: 0 0 8px black;\n  border: none;\n  margin-bottom: 15%;\n  }\n\n#annual-plan h2 {\n  background-color: orange;\n  border-radius: 10px;\n  color: white;\n  font-size: 20px;\n  padding-top: 5px;\npadding-bottom: 5px;\n  text-align: center;\n  box-shadow: 0 0 8px gray;\n  }\n\n#annual-plan .melhorm {\n  font-size: 20px;\n  background-color: white;\n  border-radius: 10px;\n  color: black;\n  }\n\n#annual-plan h3 {\n  text-align: center;\n  color: white;\n  font-weight: bold;\n  font-size: 30px;\n  }\n  \n  #annual-plan p {\n    color: white;\n    font-size: 15px;\n  }\n\n #annual-plan h4 {\n   background: #efefef;\n   border-radius: 10px;\n   color: black;\n   text-align: center;\n  }\n  \n  \n#signup-annual {\n  border-radius: 10px;\n  font-size: 20px;\n  font-weight: 500\n  }\n\n#signup-annual:hover {\n  background: green;\n  }\n\n\n\n\n\n\n\n\n\n\n\n\n\n#monthly-plan {\n  background-color: #00826b;\n  border-radius: 10px;\n  box-shadow: 0 0 8px black;\n  border: none;\n  }\n\n#monthly-plan h2 {\n  background-color: orange;\n  border-radius: 10px;\n  color: white;\n  font-size: 20px;\n  padding-top: 5px;\npadding-bottom: 5px;\n  text-align: center;\n  box-shadow: 0 0 8px gray;\n  }\n\n#monthly-plan .melhorm {\n  font-size: 20px;\n  background-color: white;\n  border-radius: 10px;\n  color: black;\n  }\n\n#monthly-plan h3 {\n  text-align: center;\n  color: white;\n  font-weight: bold;\n  font-size: 30px;\n  }\n  \n  #monthly-plan p {\n    color: white;\n    font-size: 15px;\n  }\n  \n\n #monthly-plan h4 {\n   background: #efefef;\n   border-radius: 10px;\n   color: black;\n   text-align: center;\n  }\n  \n#signup-monthly {\n  border-radius: 10px;\n  font-size: 20px;\n  font-weight: 500\n  }\n\n#signup-monthly:hover {\n  background: green;\n  }\n  \n\n\n@media (min-width: 767px) {\n\n  #annual-plan {\n    background-color: #00826b;\n    border-radius: 10px;\n    box-shadow: 0 0 8px black;\n    border: none;\nmargin-bottom: 0;\n}\n\n\n#plan-container {\n    display: flex;\n    margin-top: 40px;\n    gap: 30px;\n}\n\n  }\n\n\n#annual-plan:hover {\n  transform: scale(1.1);\n  transition: all 0.6s;\n  }\n\n#monthly-plan:hover {\n  transform: scale(1.1);\n  transition: all 0.6s;\n  }\n\n\n\n\n\n</style>"
    },
    {
      "type": "custom-html",
      "html": "<link href=\"https://fonts.cdnfonts.com/css/neo-sans-pro\" rel=\"stylesheet\">\n\n\n<section id=\"modulo6\">\n    <h2>Entre para o clube !</h2>\n\n    <section class=\"beneficios-desktop\">\n        <section class=\"beneficio\">\n            <div class=\"div-img-beneficio\">\n                <img src=\"https://i.ibb.co/fQ5pwVS/KIT1.png\" alt=\"\">\n            </div>\n\n\n            <div class=\"div-right\">\n                <div class=\"div-header\">\n                    <h3 class=\"desconto\">Escolha sua box</h3>\n                </div>\n\n                <p>Escolha a box que mais combina com seu perfil e melhore ainda mais sua experiência com o clube. </p>\n            </div>\n\n        </section>\n        <section class=\"beneficio\">\n            <div class=\"div-img-beneficio\">\n                <img src=\"https://i.ibb.co/S0TMqLy/5.png\" alt=\"\">\n            </div>\n\n            <div class=\"div-right\">\n                <div class=\"div-header\">\n                    <h3 class=\"cashback\">Brindes exclusivos para assinantes</h3>\n                </div>\n\n                <p>Receba brindes exlusivos do Clube , feitos especialmente para nossos assinantes.</p>\n            </div>\n\n        </section>\n        <section class=\"beneficio\">\n            <div class=\"div-img-beneficio\">\n                <img src=\"https://i.ibb.co/TLFCXYn/1.png\" alt=\"\">\n            </div>\n\n\n            <div class=\"div-right\">\n                <div class=\"div-header\">\n                    <h3 class=\"entrega\">Taxa de entrega especial</h3>\n                </div>\n\n                <p>Valor do frete reduzido ! Pague menos frete na sua assinatura.</p>\n            </div>\n\n        </section>\n    </section>\n</section>\n\n\n\n<style>\n    section#modulo6 {\n        padding-bottom: 2rem;\n      border-radius:30px;\n      \n  \n    }\n\n    section#modulo6 h2 {\n        text-align: center;\n        width: 12em;\n        margin: auto;\n        padding: 2em 0;\n        font-family: neo-sans, sans-serif;\n        font-style: normal;\n        font-weight: 500;\n        font-size: 28px;\n        line-height: 32px;\n        text-align: center;\n        color: black;\n       font-family: 'Neo Sans Pro', sans-serif;\n    }\n\n    section#modulo6 .beneficios-desktop {\n        display: flex;\n        justify-content: center;\n        padding-bottom: 5rem\n    }\n\n    section#modulo6 .beneficios-desktop .beneficio:not(.beneficio:first-child) {\n        margin-left: 2.5rem\n    }\n\n    section#modulo6 .beneficios-desktop .beneficio {\n        text-align: center;\n        background: #00826b;\n        box-shadow: 0 8.4368px 12.6552px rgba(0, 0, 0, .1);\n        border-radius: 9px;\n        padding: 1rem 1rem 1rem 0;\n        width: 325px;\n        display: flex;\n        align-items: center\n    }\n\n    section#modulo6 .beneficios-desktop .beneficio .div-header {\n        display: flex;\n        align-items: center;\n        height: 50px !important\n    }\n\n    section#modulo6 .beneficios-desktop .beneficio .div-right {\n        width: 175px\n    }\n\n    section#modulo6 .beneficios-desktop .beneficio .div-img-beneficio {\n        width: 120px;\n        display: flex;\n        align-items: center;\n        justify-content: center\n    }\n\n    section#modulo6 .beneficios-desktop .beneficio h3 {\n        font-family: neo-sans, sans-serif;\n        font-style: normal;\n        font-weight: 500;\n        font-size: 15px;\n        line-height: 20px;\n        width: 250px;\n        text-align: start\n    }\n\n    section#modulo6 .beneficios-desktop .beneficio img {\n        margin: 1.25rem 0\n    }\n\n    section#modulo6 .beneficios-desktop .beneficio p {\n        height: 110px;\n        width: 185px;\n        font-family: lato;\n        font-style: normal;\n        font-weight: 400;\n        font-size: 14px;\n        line-height: 170.3%;\n        text-align: start;\n        color: white;\nfont-family: 'Neo Sans Pro', sans-serif;\n    }\n\n    section#modulo6 .beneficios-desktop .beneficio .desconto {\n        color: gold;\n          font-family: 'Neo Sans Pro', sans-serif;\n    }\n\n    section#modulo6 .beneficios-desktop .beneficio .cashback {\n        color: gold;\n      font-family: 'Neo Sans Pro', sans-serif;\n    }\n\n    section#modulo6 .beneficios-desktop .beneficio .entrega {\n        color: gold;\n      font-family: 'Neo Sans Pro', sans-serif;\n    }\n\n    section#modulo6 .beneficios-desktop .beneficio .brinde {\n        color: gold;\n      font-family: 'Neo Sans Pro', sans-serif;\n    }\n\n    section#modulo6 .beneficios-desktop .beneficio img {\n        margin: 1rem 0\n    }\n\n    @media(max-width: 764px) {\n        section#modulo6 h2 {\n            width: 2.75em;\n            width: 20rem;\n            box-sizing: border-box;\n        }\n\n        section#modulo6 .beneficios-desktop {\n            flex-direction: column;\n            align-items: center\n        }\n\n        section#modulo6 .beneficios-desktop .beneficio {\n            margin: 0 0 2.5rem !important\n        }\n    }\n\n    @media(min-width: 1000px) {\n        section#modulo6 h2 {\n            width: auto;\n            font-size: 36px;\n            padding: 2em 0 1.5em;\n            box-sizing: border-box;\n\n\n        }\n\n        section#modulo6 .accordion-beneficios {\n            display: none\n        }\n    }\n\n    section#modulo6 .accordion-beneficios .section-item {\n        padding: 1em 2em 1em 1.25em;\n        box-shadow: 0 2.3px 5.74px 0 rgba(0, 0, 0, .05)\n    }\n\n    section#modulo6 .accordion-beneficios .title {\n        display: flex;\n        align-items: center\n    }\n\n    section#modulo6 .accordion-beneficios .title h3 {\n        font-size: 1.5em;\n        width: 75%;\n        font-weight: 500\n    }\n\n    section#modulo6 .accordion-beneficios .title .div-img-desconto+h3,\n    section#modulo6 .accordion-beneficios .title .desconto {\n        color: #f26649\n    }\n\n    section#modulo6 .accordion-beneficios .title .div-img-cashback+h3,\n    section#modulo6 .accordion-beneficios .title .cashback {\n        color: #00b495\n    }\n\n    section#modulo6 .accordion-beneficios .title .div-img-entrega+h3,\n    section#modulo6 .accordion-beneficios .title .entrega {\n        color: #c81a78\n    }\n\n    section#modulo6 .accordion-beneficios .title .div-img-brindes+h3,\n    section#modulo6 .accordion-beneficios .title .brinde {\n        color: #f8971d\n    }\n\n    section#modulo6 .accordion-beneficios .title .div-img {\n        width: 6em;\n        height: 6em;\n        margin-right: 1.25em;\n        border-radius: 50%;\n        justify-content: center;\n        align-items: center;\n        display: flex;\n        background-color: blue\n    }\n\n    section#modulo6 .accordion-beneficios .title .div-img img {\n        object-fit: none\n    }\n\n    section#modulo6 .accordion-beneficios .title .div-img-desconto {\n        background-color: #fcddd7\n    }\n\n    section#modulo6 .accordion-beneficios .title .div-img-cashback {\n        background-color: #d5e9e2\n    }\n\n    section#modulo6 .accordion-beneficios .title .div-img-entrega {\n        background-color: #f3cde0\n    }\n\n    section#modulo6 .accordion-beneficios .title .div-img-brindes {\n        background-color: #fde8d9\n    }\n\n    section#modulo6 .accordion-beneficios .title img.icon {\n        width: 2.25em;\n        height: 2.5em\n    }\n\n    section#modulo6 .accordion-beneficios .contentBox {\n        position: relative\n    }\n\n    section#modulo6 .accordion-beneficios .content {\n        position: relative;\n        margin-left: 5.5em;\n        width: 75%;\n        font-size: 1.25em;\n        line-height: 1.75em;\n        color: #555;\n        height: 0;\n        overflow: hidden;\n        transition: .5s\n    }\n\n    section#modulo6 .accordion-beneficios .title.active+.contentBox .content {\n        height: 9em\n    }\n\n    section#modulo6 .accordion-beneficios .title.active img.icon {\n        transform: rotate(180deg)\n    }\n\n\n</style>"
    },
    {
      "type": "custom-html",
      "html": "<link href=\"https://fonts.cdnfonts.com/css/neo-sans-pro\" rel=\"stylesheet\">\n\n\n<div id=\"combina\">\n<h2 style=\"text-align: center;\"> Qual mais combina com você ? </h2>\n  <p> ESCOLHA SUA BOX  </p>\n</div>\n\n<style>\n  \n  #combina h2{\n    color:black;\n    font-size: 2rem;\n    box-sizing: border-box;\n    font-family: 'Neo Sans Pro', sans-serif;\n  }\n\n#combina p {\n  font-size: 1rem;\n   font-family: 'Neo Sans Pro', sans-serif;\n    color: black;\n  \n  \n\n    \n  \n  \n</style>"
    },
    {
      "type": "collection-shelf",
      "shuffle": false,
      "limit": 12,
      "page": 1,
      "collection_id": "66396d5632d4fe4710f2b09d:categories:Cervejas Especiais:/cervejas-especiais"
    },
    {
      "type": "brands-carousel",
      "limit": 24,
      "offset": 0,
      "sort": null
    },
    {
      "type": "custom-html",
      "html": "<section id=\"modulo3\">\n    <h2>O que vai dentro da sua <span class=\"txGrow\" style=\"color: orange;\">Box</span>?</h2>\n\n    <div class=\"div-main-content\">\n        <div class=\"div-par-conteudo\">\n            <div class=\"div-content div-revista\">\n                <h3 class=\"title title-sauvignon\">Revista Cervejas Especiais</h3>\n                <p>Harmonizações, dicas e curiosidades sobre o mundo da cerveja.\n                </p>\n            </div>\n\n            <div class=\"div-content div-corta-gotas\">\n                <h3 class=\"title title-tavel\">Brindes Exlusivos</h3>\n                <p>Brindes para melhor experiência ao apreciar as melhores cervejas especiais.\n                </p>\n            </div>\n\n        </div>\n        <div class=\"div-img\">\n            <img src=\"https://i.ibb.co/pZ19F73/Design-sem-nome-6.png\" alt=\"\">\n            <!-- <img class=\"tacas\" src=\"./img/tacas.png\" alt=\"\"> -->\n        </div>\n        <div class=\"div-par-conteudo\">\n            <div class=\"div-content div-exclusivos\">\n                <h3 class=\"title title-chardonnay\">Cervejas Premiadas</h3>\n                <p>Receba todos os meses , cervejas premiadas em sua casa , os melhores lúpulos em sua cerveja. </p>\n            </div>\n        </div>\n    </div>\n</section>\n\n\n<style>\n    section#modulo3 {\n        background-color: black;\n        height: auto;\n        padding-bottom: 8rem;\n      border-radius:30px;\n        \n    }\n\n    section#modulo3 h2 {\n        text-align: center;\n        color: #fff;\n        font-weight: 700;\n        font-size: 36px;\n        line-height: 1.25em;\n        padding: 1em 0 0;\n        width: 95%;\n        margin: auto\n    }\n\n    section#modulo3 span.txGrow {\n        font-size: 1.3em\n    }\n\n    section#modulo3 .div-img {\n        position: absolute;\n        top: 0;\n        margin: 4rem 0 6rem\n    }\n\n    section#modulo3 .div-img img {\n        width: 335px\n    }\n\n    section#modulo3 .div-img .tacas {\n        position: absolute;\n        right: -1rem;\n        top: 9rem;\n        width: 17rem\n    }\n\n    section#modulo3 .div-main-content {\n        display: flex;\n        align-items: center;\n        flex-direction: column;\n        justify-content: center;\n        position: relative;\n        padding-top: 34rem;\n        padding-bottom: 0\n    }\n\n    section#modulo3 .div-content {\n        display: flex;\n        flex-direction: column;\n        align-items: center;\n        width: 19rem;\n    }\n\n    section#modulo3 .div-content h3.title {\n        font-size: 22px;\n        font-weight: 500;\n        margin-bottom: .95rem\n    }\n\n    section#modulo3 .div-content h3.title-chardonnay {\n        color: #00826b;\n        font-weight: bold;\n    }\n\n    section#modulo3 .div-content h3.title-sauvignon {\n        color: #00826b;\n        font-weight: bold;\n    }\n\n    section#modulo3 .div-content h3.title-tavel {\n        color: #00826b;\n        font-weight: bold;\n    }\n\n    section#modulo3 .div-content h3.title-pinot-noir {\n        color: #c4bc86\n    }\n\n    section#modulo3 .div-content h3.title-frete-gratis {\n        color: #59abe7\n    }\n\n    section#modulo3 .div-content p {\n        font-size: 18px !important;\n        text-align: center;\n        margin-bottom: 2rem;\n        color: #fff;\n        line-height: 135%;\n        font-weight: 500\n    }\n\n    section#modulo3 .div-content p strong {\n        font-weight: 800\n    }\n\n    section#modulo3 div#button-nav {\n        margin: 0 auto\n    }\n\n    section#modulo3 div#button-nav .ctaAssine {\n        display: block;\n        margin: auto;\n        width: 245px;\n        height: 48px;\n        border-radius: 4px;\n        box-shadow: 0 2px 4px rgba(0, 0, 0, .15);\n        background-color: #87c248;\n        line-height: 48px;\n        text-align: center;\n        font-weight: 700;\n        text-decoration: none;\n        font-family: Lato, sans-serif;\n        font-size: 14px;\n        color: #fff;\n        cursor: pointer;\n        transition: all .2s ease-in-out;\n        -webkit-transition: all .2s ease-in-out;\n        -o-transition: all .2s ease-in-out\n    }\n\n    section#modulo3 div#button-nav .ctaAssine:hover {\n        background-color: #78ad40\n    }\n\n    section#modulo3 div#button-nav .ctaAssine.ctaMensal {\n        display: none\n    }\n\n    @media(max-width: 767px) {\n        section#modulo3 div#button-nav .ctaAssine {\n            width: 245px;\n            height: 48px;\n            font-size: 14px\n        }\n    }\n\n    @media(min-width: 1000px) {\n        section#modulo3 {\n            height: auto\n        }\n\n        section#modulo3 h2 {\n            padding: 6rem 0 2rem\n        }\n\n        section#modulo3 h2 span.txGrow {\n            font-size: 1em\n        }\n\n        section#modulo3 .div-img {\n            position: relative;\n            margin: 0 3rem\n        }\n\n        section#modulo3 .div-img img {\n            width: 365px\n        }\n\n        section#modulo3 .div-img .tacas {\n            position: absolute;\n            right: -1rem;\n            top: 9rem;\n            width: 17rem\n        }\n\n        section#modulo3 .div-main-content {\n            flex-direction: row;\n            padding: 1.2rem 0\n        }\n\n        section#modulo3 .div-main-content .div-content p {\n            height: 11rem;\n            margin: 0\n        }\n\n        section#modulo3 .div-par-conteudo {\n            margin-top: 7.35rem\n        }\n\n        section#modulo3 .div-par-conteudo:last-child {\n            margin-top: 3.35rem\n        }\n    }\n\n    @media(max-width: 768px) {\n        section#modulo3 h2 {\n            font-size: 2.75em;\n            width: 80%\n        }\n\n        section#modulo3 .div-par-conteudo:first-child {\n            order: 2\n        }\n    }\n</style>"
    }
  ]
}